"com.camerafilter.drakroomfilter.photogragher","afterlight","34"
"com.camerafilter.drakroomfilter.photogragher","alva","43"
"com.camerafilter.drakroomfilter.photogragher","backstage","41"
"com.camerafilter.drakroomfilter.photogragher","blackstar","41"
"com.camerafilter.drakroomfilter.photogragher","darkroom","30"
"com.camerafilter.drakroomfilter.photogragher","dreamy","168"
"com.camerafilter.drakroomfilter.photogragher","dupe","87"
"com.camerafilter.drakroomfilter.photogragher","ely","153"
"com.camerafilter.drakroomfilter.photogragher","esper","28"
"com.camerafilter.drakroomfilter.photogragher","filming","94"
"com.camerafilter.drakroomfilter.photogragher","filter","94"
"com.camerafilter.drakroomfilter.photogragher","filtering","131"
"com.camerafilter.drakroomfilter.photogragher","flashback","161"
"com.camerafilter.drakroomfilter.photogragher","flatland","17"
"com.camerafilter.drakroomfilter.photogragher","fotografi","7"
"com.camerafilter.drakroomfilter.photogragher","fuji","65"
"com.camerafilter.drakroomfilter.photogragher","fulltime","118"
"com.camerafilter.drakroomfilter.photogragher","grap","245"
"com.camerafilter.drakroomfilter.photogragher","grapher","118"
"com.camerafilter.drakroomfilter.photogragher","helmut","87"
"com.camerafilter.drakroomfilter.photogragher","hipstamatic","17"
"com.camerafilter.drakroomfilter.photogragher","instasize","127"
"com.camerafilter.drakroomfilter.photogragher","kavo","127"
"com.camerafilter.drakroomfilter.photogragher","kirakira","117"
"com.camerafilter.drakroomfilter.photogragher","kodak","102"
"com.camerafilter.drakroomfilter.photogragher","leak","49"
"com.camerafilter.drakroomfilter.photogragher","leaking","85"
"com.camerafilter.drakroomfilter.photogragher","lightroom","93"
"com.camerafilter.drakroomfilter.photogragher","lomography","5"
"com.camerafilter.drakroomfilter.photogragher","neptune","99"
"com.camerafilter.drakroomfilter.photogragher","nevi","124"
"com.camerafilter.drakroomfilter.photogragher","nub","162"
"com.camerafilter.drakroomfilter.photogragher","palette","143"
"com.camerafilter.drakroomfilter.photogragher","peachy","37"
"com.camerafilter.drakroomfilter.photogragher","photography","4"
"com.camerafilter.drakroomfilter.photogragher","picfx","7"
"com.camerafilter.drakroomfilter.photogragher","pigtail","59"
"com.camerafilter.drakroomfilter.photogragher","pika","37"
"com.camerafilter.drakroomfilter.photogragher","pisco","14"
"com.camerafilter.drakroomfilter.photogragher","arl","160"
"com.camerafilter.drakroomfilter.photogragher","anamorphic","106"
"com.camerafilter.drakroomfilter.photogragher","aviary","226"
"com.camerafilter.drakroomfilter.photogragher","calla","142"
